# Host: localhost  (Version 5.7.17-log)
# Date: 2018-03-20 21:55:10
# Generator: MySQL-Front 6.0  (Build 2.20)


#
# Structure for table "good"
#

CREATE TABLE `good` (
  `id` int(11) NOT NULL AUTO_INCREMENT,
  `name` varchar(255) NOT NULL,
  `type` smallint(6) NOT NULL,
  `price` decimal(6,2) unsigned NOT NULL DEFAULT '0.00',
  `sale_price` decimal(6,2) unsigned DEFAULT '0.00',
  `stock` int(11) NOT NULL,
  `sale_num` int(11) DEFAULT NULL,
  `advise` enum('0','1') DEFAULT NULL,
  `activity` bit(1) DEFAULT NULL,
  `status` enum('0','1') DEFAULT NULL,
  `create_time` date DEFAULT NULL,
  `start_time` date DEFAULT NULL,
  `end_time` date DEFAULT NULL,
  PRIMARY KEY (`id`)
) ENGINE=InnoDB AUTO_INCREMENT=65 DEFAULT CHARSET=utf8;

#
# Data for table "good"
#

INSERT INTO `good` VALUES (1,'金恩凡提猪油渣 金恩油渣 猪肉条500克 猪油渣 温州风味 香酥肉',1,22.00,22.00,10000,200,'0',b'0','1','2018-02-14',NULL,NULL),(2,'费列罗巧克力T16粒礼盒装送女友费力罗进口喜糖生日礼物零食散装',1,65.00,38.50,2000,195,'0',b'0','1','2018-02-14',NULL,NULL),(3,'口水娃兰花豆30g酱汁牛肉味香辣味蚕豆炒货特产休闲小吃零食',1,1.20,1.20,100,20,'0',b'0','1','2018-02-14',NULL,NULL),(4,'原味蜜汁 猪肉脯 猪肉脯猪肉干 休闲小吃零食品 2份包邮',1,35.00,16.80,1500,700,'0',b'0','1','2018-02-14',NULL,NULL),(5,'萍乡花蝴蝶香辣味豆皮辣条豆腐干特产儿时零食包邮辣条蛋白肉嚼劲',1,29.00,23.00,67726,2600,'0',b'0','1','2018-02-14',NULL,NULL),(6,'花蝴蝶蒜香味豆皮130g蒜蓉好吃不胖零食辣条蛋白肉萍乡麻辣包邮',1,30.00,15.00,1200,200,'0',b'0','1','2018-02-14',NULL,NULL),(7,'待见2017新鲜大核桃仁肉500g 1斤装野生核桃仁新货孕妇即食熟散装',1,128.00,33.00,20000,5000,'0',b'0','1','2018-02-14',NULL,NULL),(8,'好吃实惠山东荣成农家自制白霜地瓜片地瓜条1000克包邮2件送一斤',1,24.00,24.00,2503,352,'0',b'0','1','2018-02-14',NULL,NULL),(9,'金恩凡提猪油渣 金恩油渣 猪肉条500克 猪油渣 温州风味 香酥肉',2,22.00,22.00,10000,200,'0',b'0','1','2018-02-14',NULL,NULL),(10,'费列罗巧克力T16粒礼盒装送女友费力罗进口喜糖生日礼物零食散装',2,65.00,38.50,2000,195,'0',b'0','1','2018-02-14',NULL,NULL),(11,'口水娃兰花豆30g酱汁牛肉味香辣味蚕豆炒货特产休闲小吃零食',2,1.20,1.20,100,20,'0',b'0','1','2018-02-14',NULL,NULL),(12,'原味蜜汁 猪肉脯 猪肉脯猪肉干 休闲小吃零食品 2份包邮',2,35.00,16.80,1500,700,'0',b'0','1','2018-02-14',NULL,NULL),(13,'萍乡花蝴蝶香辣味豆皮辣条豆腐干特产儿时零食包邮辣条蛋白肉嚼劲',2,29.00,23.00,67726,2600,'0',b'0','1','2018-02-14',NULL,NULL),(14,'花蝴蝶蒜香味豆皮130g蒜蓉好吃不胖零食辣条蛋白肉萍乡麻辣包邮',2,30.00,15.00,1200,200,'0',b'0','1','2018-02-14',NULL,NULL),(15,'待见2017新鲜大核桃仁肉500g 1斤装野生核桃仁新货孕妇即食熟散装',2,128.00,33.00,20000,5000,'0',b'0','1','2018-02-14',NULL,NULL),(16,'好吃实惠山东荣成农家自制白霜地瓜片地瓜条1000克包邮2件送一斤',2,24.00,24.00,2503,352,'0',b'0','1','2018-02-14',NULL,NULL),(17,'金恩凡提猪油渣 金恩油渣 猪肉条500克 猪油渣 温州风味 香酥肉',3,22.00,22.00,10000,200,'0',b'0','1','2018-02-14',NULL,NULL),(18,'费列罗巧克力T16粒礼盒装送女友费力罗进口喜糖生日礼物零食散装',3,65.00,38.50,2000,195,'0',b'0','1','2018-02-14',NULL,NULL),(19,'口水娃兰花豆30g酱汁牛肉味香辣味蚕豆炒货特产休闲小吃零食',3,1.20,1.20,100,20,'0',b'0','1','2018-02-14',NULL,NULL),(20,'原味蜜汁 猪肉脯 猪肉脯猪肉干 休闲小吃零食品 2份包邮',3,35.00,16.80,1500,700,'0',b'0','1','2018-02-14',NULL,NULL),(21,'萍乡花蝴蝶香辣味豆皮辣条豆腐干特产儿时零食包邮辣条蛋白肉嚼劲',3,29.00,23.00,67726,2600,'0',b'0','1','2018-02-14',NULL,NULL),(22,'花蝴蝶蒜香味豆皮130g蒜蓉好吃不胖零食辣条蛋白肉萍乡麻辣包邮',3,30.00,15.00,1200,200,'0',b'0','1','2018-02-14',NULL,NULL),(23,'待见2017新鲜大核桃仁肉500g 1斤装野生核桃仁新货孕妇即食熟散装',3,128.00,33.00,20000,5000,'0',b'0','1','2018-02-14',NULL,NULL),(24,'好吃实惠山东荣成农家自制白霜地瓜片地瓜条1000克包邮2件送一斤',3,24.00,24.00,2503,352,'0',b'0','1','2018-02-14',NULL,NULL),(25,'金恩凡提猪油渣 金恩油渣 猪肉条500克 猪油渣 温州风味 香酥肉',4,22.00,22.00,10000,200,'0',b'0','1','2018-02-14',NULL,NULL),(26,'费列罗巧克力T16粒礼盒装送女友费力罗进口喜糖生日礼物零食散装',4,65.00,38.50,2000,195,'0',b'0','1','2018-02-14',NULL,NULL),(27,'口水娃兰花豆30g酱汁牛肉味香辣味蚕豆炒货特产休闲小吃零食',4,1.20,1.20,100,20,'0',b'0','1','2018-02-14',NULL,NULL),(28,'原味蜜汁 猪肉脯 猪肉脯猪肉干 休闲小吃零食品 2份包邮',4,35.00,16.80,1500,700,'0',b'0','1','2018-02-14',NULL,NULL),(29,'萍乡花蝴蝶香辣味豆皮辣条豆腐干特产儿时零食包邮辣条蛋白肉嚼劲',4,29.00,23.00,67726,2600,'0',b'0','1','2018-02-14',NULL,NULL),(30,'花蝴蝶蒜香味豆皮130g蒜蓉好吃不胖零食辣条蛋白肉萍乡麻辣包邮',4,30.00,15.00,1200,200,'0',b'0','1','2018-02-14',NULL,NULL),(31,'待见2017新鲜大核桃仁肉500g 1斤装野生核桃仁新货孕妇即食熟散装',4,128.00,33.00,20000,5000,'0',b'0','1','2018-02-14',NULL,NULL),(32,'好吃实惠山东荣成农家自制白霜地瓜片地瓜条1000克包邮2件送一斤',4,24.00,24.00,2503,352,'0',b'0','1','2018-02-14',NULL,NULL),(33,'金恩凡提猪油渣 金恩油渣 猪肉条500克 猪油渣 温州风味 香酥肉',5,22.00,22.00,10000,200,'0',b'0','1','2018-02-14',NULL,NULL),(34,'费列罗巧克力T16粒礼盒装送女友费力罗进口喜糖生日礼物零食散装',5,65.00,38.50,2000,195,'0',b'0','1','2018-02-14',NULL,NULL),(35,'口水娃兰花豆30g酱汁牛肉味香辣味蚕豆炒货特产休闲小吃零食',5,1.20,1.20,100,20,'0',b'0','1','2018-02-14',NULL,NULL),(36,'原味蜜汁 猪肉脯 猪肉脯猪肉干 休闲小吃零食品 2份包邮',5,35.00,16.80,1500,700,'0',b'0','1','2018-02-14',NULL,NULL),(37,'萍乡花蝴蝶香辣味豆皮辣条豆腐干特产儿时零食包邮辣条蛋白肉嚼劲',5,29.00,23.00,67726,2600,'0',b'0','1','2018-02-14',NULL,NULL),(38,'花蝴蝶蒜香味豆皮130g蒜蓉好吃不胖零食辣条蛋白肉萍乡麻辣包邮',5,30.00,15.00,1200,200,'0',b'0','1','2018-02-14',NULL,NULL),(39,'待见2017新鲜大核桃仁肉500g 1斤装野生核桃仁新货孕妇即食熟散装',5,128.00,33.00,20000,5000,'0',b'0','1','2018-02-14',NULL,NULL),(40,'好吃实惠山东荣成农家自制白霜地瓜片地瓜条1000克包邮2件送一斤',5,24.00,24.00,2503,352,'0',b'0','1','2018-02-14',NULL,NULL),(41,'金恩凡提猪油渣 金恩油渣 猪肉条500克 猪油渣 温州风味 香酥肉',6,22.00,22.00,10000,200,'0',b'0','1','2018-02-14',NULL,NULL),(42,'费列罗巧克力T16粒礼盒装送女友费力罗进口喜糖生日礼物零食散装',6,65.00,38.50,2000,195,'0',b'0','1','2018-02-14',NULL,NULL),(43,'口水娃兰花豆30g酱汁牛肉味香辣味蚕豆炒货特产休闲小吃零食',6,1.20,1.20,100,20,'0',b'0','1','2018-02-14',NULL,NULL),(44,'原味蜜汁 猪肉脯 猪肉脯猪肉干 休闲小吃零食品 2份包邮',6,35.00,16.80,1500,700,'0',b'0','1','2018-02-14',NULL,NULL),(45,'萍乡花蝴蝶香辣味豆皮辣条豆腐干特产儿时零食包邮辣条蛋白肉嚼劲',6,29.00,23.00,67726,2600,'0',b'0','1','2018-02-14',NULL,NULL),(46,'花蝴蝶蒜香味豆皮130g蒜蓉好吃不胖零食辣条蛋白肉萍乡麻辣包邮',6,30.00,15.00,1200,200,'0',b'0','1','2018-02-14',NULL,NULL),(47,'待见2017新鲜大核桃仁肉500g 1斤装野生核桃仁新货孕妇即食熟散装',6,128.00,33.00,20000,5000,'0',b'0','1','2018-02-14',NULL,NULL),(48,'好吃实惠山东荣成农家自制白霜地瓜片地瓜条1000克包邮2件送一斤',6,24.00,24.00,2503,352,'0',b'0','1','2018-02-14',NULL,NULL),(49,'金恩凡提猪油渣 金恩油渣 猪肉条500克 猪油渣 温州风味 香酥肉',7,22.00,22.00,10000,200,'0',b'0','1','2018-02-14',NULL,NULL),(50,'费列罗巧克力T16粒礼盒装送女友费力罗进口喜糖生日礼物零食散装',7,65.00,38.50,2000,195,'0',b'0','1','2018-02-14',NULL,NULL),(51,'口水娃兰花豆30g酱汁牛肉味香辣味蚕豆炒货特产休闲小吃零食',7,1.20,1.20,100,20,'0',b'0','1','2018-02-14',NULL,NULL),(52,'原味蜜汁 猪肉脯 猪肉脯猪肉干 休闲小吃零食品 2份包邮',7,35.00,16.80,1500,700,'0',b'0','1','2018-02-14',NULL,NULL),(53,'萍乡花蝴蝶香辣味豆皮辣条豆腐干特产儿时零食包邮辣条蛋白肉嚼劲',7,29.00,23.00,67726,2600,'0',b'0','1','2018-02-14',NULL,NULL),(54,'花蝴蝶蒜香味豆皮130g蒜蓉好吃不胖零食辣条蛋白肉萍乡麻辣包邮',7,30.00,15.00,1200,200,'0',b'0','1','2018-02-14',NULL,NULL),(55,'待见2017新鲜大核桃仁肉500g 1斤装野生核桃仁新货孕妇即食熟散装',7,128.00,33.00,20000,5000,'0',b'0','1','2018-02-14',NULL,NULL),(56,'好吃实惠山东荣成农家自制白霜地瓜片地瓜条1000克包邮2件送一斤',7,24.00,24.00,2503,352,'0',b'0','1','2018-02-14',NULL,NULL),(57,'金恩凡提猪油渣 金恩油渣 猪肉条500克 猪油渣 温州风味 香酥肉',8,22.00,22.00,10000,200,'0',b'0','1','2018-02-14',NULL,NULL),(58,'费列罗巧克力T16粒礼盒装送女友费力罗进口喜糖生日礼物零食散装',8,65.00,38.50,2000,195,'0',b'0','1','2018-02-14',NULL,NULL),(59,'口水娃兰花豆30g酱汁牛肉味香辣味蚕豆炒货特产休闲小吃零食',8,1.20,1.20,100,20,'0',b'0','1','2018-02-14',NULL,NULL),(60,'原味蜜汁 猪肉脯 猪肉脯猪肉干 休闲小吃零食品 2份包邮',8,35.00,16.80,1500,700,'0',b'0','1','2018-02-14',NULL,NULL),(61,'萍乡花蝴蝶香辣味豆皮辣条豆腐干特产儿时零食包邮辣条蛋白肉嚼劲',8,29.00,23.00,67726,2600,'0',b'0','1','2018-02-14',NULL,NULL),(62,'花蝴蝶蒜香味豆皮130g蒜蓉好吃不胖零食辣条蛋白肉萍乡麻辣包邮',8,30.00,15.00,1200,200,'0',b'0','1','2018-02-14',NULL,NULL),(63,'待见2017新鲜大核桃仁肉500g 1斤装野生核桃仁新货孕妇即食熟散装',8,128.00,33.00,20000,5000,'0',b'0','1','2018-02-14',NULL,NULL),(64,'好吃实惠山东荣成农家自制白霜地瓜片地瓜条1000克包邮2件送一斤',8,24.00,24.00,2503,352,'0',b'0','1','2018-02-14',NULL,NULL);

#
# Structure for table "good_detail"
#

CREATE TABLE `good_detail` (
  `id` int(11) NOT NULL AUTO_INCREMENT,
  `product_identifier` varchar(50) DEFAULT NULL,
  `factory_name` varchar(255) DEFAULT NULL,
  `factory_address` varchar(255) DEFAULT NULL,
  `factory_phone` varchar(11) DEFAULT NULL,
  `quality_data` int(11) NOT NULL,
  `additive` int(11) DEFAULT NULL,
  `weight` varchar(5) DEFAULT NULL,
  `brand` varchar(20) DEFAULT NULL,
  `product_place` varchar(255) DEFAULT NULL,
  `sweets` bit(1) DEFAULT NULL,
  `pack_type` enum('包装','散装') DEFAULT NULL,
  `bar_code` varchar(50) DEFAULT NULL,
  `good_id` int(11) NOT NULL,
  PRIMARY KEY (`id`),
  UNIQUE KEY `bar_code` (`bar_code`)
) ENGINE=InnoDB DEFAULT CHARSET=utf8;

#
# Data for table "good_detail"
#


#
# Structure for table "good_pic"
#

CREATE TABLE `good_pic` (
  `id` smallint(6) NOT NULL AUTO_INCREMENT,
  `pic_name` varchar(50) NOT NULL,
  `create_time` date NOT NULL,
  `grade` bit(1) DEFAULT NULL,
  `good_id` int(11) DEFAULT NULL,
  PRIMARY KEY (`id`)
) ENGINE=InnoDB AUTO_INCREMENT=305 DEFAULT CHARSET=utf8;

#
# Data for table "good_pic"
#

INSERT INTO `good_pic` VALUES (1,'TB2YbTLeP3z9KJjy0FmXXXiwXXa_!!70892321.jpg','2018-02-14',b'0',2),(2,'TB28m0if0fJ8KJjy0FeXXXKEXXa_!!70892321.jpg','2018-02-14',b'1',2),(3,'TB2LVo_fRDH8KJjSszcXXbDTFXa_!!70892321.jpg','2018-02-14',b'1',2),(4,'TB2XmW9dL9TBuNjy1zbXXXpepXa_!!70892321.jpg','2018-02-14',b'1',2),(5,'TB2DfOjsFXXXXaIXXXXXXXXXXXX_!!70892321.jpg','2018-02-14',b'1',2),(6,'TB2vqNsX9KI.eBjy1zcXXXIOpXa_!!352985921.jpg','2018-02-14',b'0',1),(7,'TB2owRrXYaI.eBjSszdXXaB6XXa_!!352985921.jpg','2018-02-14',b'1',1),(8,'TB2C94pXYWJ.eBjSspdXXXiXFXa_!!352985921.jpg','2018-02-14',b'1',1),(9,'TB2c4VWoVXXXXbZXXXXXXXXXXXX_!!378880731.jpg','2018-02-14',b'0',3),(10,'TB2B6R2aXXXXXarXpXXXXXXXXXX_!!378880731.jpg','2018-02-14',b'1',3),(11,'TB28s43aXXXXXX3XpXXXXXXXXXX_!!378880731.jpg','2018-02-14',b'1',3),(12,'TB2cHsGeXXXXXbFXXXXXXXXXXXX_!!378880731.jpg','2018-02-14',b'1',3),(13,'TB2ofFWeFXXXXbXXXXXXXXXXXXX_!!378880731.jpg','2018-02-14',b'1',3),(14,'TB1w.I9IVXXXXazXpXXXXXXXXXX_!!0-item_pic.jpg','2018-02-14',b'0',4),(15,'TB2i0xLsB8kpuFjSspeXXc7IpXa_!!25420649.jpg','2018-02-14',b'1',4),(16,'TB2kJfzepXXXXahXpXXXXXXXXXX_!!25420649.jpg','2018-02-14',b'1',4),(17,'TB2oNLBepXXXXXVXpXXXXXXXXXX_!!25420649.jpg','2018-02-14',b'1',4),(18,'TB2warTepXXXXX4XXXXXXXXXXXX_!!25420649.jpg','2018-02-14',b'1',4),(19,'TB2qhtuamiJ.eBjSspoXXcpMFXa_!!326221237.jpg','2018-02-14',b'0',5),(20,'TB2wt6CafOM.eBjSZFqXXculVXa_!!326221237.jpg','2018-02-14',b'1',5),(21,'TB2TSnJhh6I8KJjSszfXXaZVXXa_!!326221237.png','2018-02-14',b'1',5),(22,'TB2XIb7hgvD8KJjy0FlXXagBFXa_!!326221237.jpg','2018-02-14',b'1',5),(23,'TB2E.rgX2DH8KJjy1XcXXcpdXXa_!!326221237.jpg','2018-02-14',b'1',5),(24,'TB2Z_nIalyN.eBjSZFkXXb8YFXa_!!326221237.jpg','2018-02-14',b'0',6),(25,'TB2u4rIaheK.eBjSZFuXXcT4FXa_!!326221237.jpg','2018-02-14',b'1',6),(26,'TB2yzvJaoOO.eBjSZFLXXcxmXXa_!!326221237.jpg','2018-02-14',b'1',6),(27,'TB2r22IafSM.eBjSZFNXXbgYpXa_!!326221237.jpg','2018-02-14',b'1',6),(28,'TB2JoYnoMoQMeJjy0FnXXb8gFXa_!!326221237.jpg','2018-02-14',b'1',6),(29,'TB2t_qkc7fb_uJkSmFPXXcrCFXa_!!292630130.jpg','2018-02-14',b'0',7),(30,'TB2LyIpcx6I8KJjSszfXXaZVXXa_!!292630130.jpg','2018-02-14',b'1',7),(31,'TB2WlVGaiqAXuNjy1XdXXaYcVXa_!!292630130.jpg','2018-02-14',b'1',7),(32,'TB2xFwAcBDH8KJjy1zeXXXjepXa_!!292630130.jpg','2018-02-14',b'1',7),(33,'TB2AVTfjd0opuFjSZFxXXaDNVXa_!!292630130.jpg','2018-02-14',b'1',7),(34,'TB2UnvbXbJmpuFjSZFwXXaE4VXa_!!50085068.jpg','2018-02-14',b'0',8),(35,'TB2Vu6bXbBnpuFjSZFGXXX51pXa_!!50085068.jpg','2018-02-14',b'1',8),(36,'TB23bgiXYtlpuFjSspfXXXLUpXa_!!50085068.jpg','2018-02-14',b'1',8),(37,'TB2srkkXY8kpuFjy0FcXXaUhpXa_!!50085068.jpg','2018-02-14',b'1',8),(38,'TB2Re7gXYXlpuFjSszfXXcSGXXa_!!50085068.jpg','2018-02-14',b'1',8),(39,'TB2YbTLeP3z9KJjy0FmXXXiwXXa_!!70892321.jpg','2018-02-14',b'0',10),(40,'TB28m0if0fJ8KJjy0FeXXXKEXXa_!!70892321.jpg','2018-02-14',b'1',10),(41,'TB2LVo_fRDH8KJjSszcXXbDTFXa_!!70892321.jpg','2018-02-14',b'1',10),(42,'TB2XmW9dL9TBuNjy1zbXXXpepXa_!!70892321.jpg','2018-02-14',b'1',10),(43,'TB2DfOjsFXXXXaIXXXXXXXXXXXX_!!70892321.jpg','2018-02-14',b'1',10),(44,'TB2vqNsX9KI.eBjy1zcXXXIOpXa_!!352985921.jpg','2018-02-14',b'0',9),(45,'TB2owRrXYaI.eBjSszdXXaB6XXa_!!352985921.jpg','2018-02-14',b'1',9),(46,'TB2C94pXYWJ.eBjSspdXXXiXFXa_!!352985921.jpg','2018-02-14',b'1',9),(47,'TB2c4VWoVXXXXbZXXXXXXXXXXXX_!!378880731.jpg','2018-02-14',b'0',11),(48,'TB2B6R2aXXXXXarXpXXXXXXXXXX_!!378880731.jpg','2018-02-14',b'1',11),(49,'TB28s43aXXXXXX3XpXXXXXXXXXX_!!378880731.jpg','2018-02-14',b'1',11),(50,'TB2cHsGeXXXXXbFXXXXXXXXXXXX_!!378880731.jpg','2018-02-14',b'1',11),(51,'TB2ofFWeFXXXXbXXXXXXXXXXXXX_!!378880731.jpg','2018-02-14',b'1',11),(52,'TB1w.I9IVXXXXazXpXXXXXXXXXX_!!0-item_pic.jpg','2018-02-14',b'0',12),(53,'TB2i0xLsB8kpuFjSspeXXc7IpXa_!!25420649.jpg','2018-02-14',b'1',12),(54,'TB2kJfzepXXXXahXpXXXXXXXXXX_!!25420649.jpg','2018-02-14',b'1',12),(55,'TB2oNLBepXXXXXVXpXXXXXXXXXX_!!25420649.jpg','2018-02-14',b'1',12),(56,'TB2warTepXXXXX4XXXXXXXXXXXX_!!25420649.jpg','2018-02-14',b'1',12),(57,'TB2qhtuamiJ.eBjSspoXXcpMFXa_!!326221237.jpg','2018-02-14',b'0',13),(58,'TB2wt6CafOM.eBjSZFqXXculVXa_!!326221237.jpg','2018-02-14',b'1',13),(59,'TB2TSnJhh6I8KJjSszfXXaZVXXa_!!326221237.png','2018-02-14',b'1',13),(60,'TB2XIb7hgvD8KJjy0FlXXagBFXa_!!326221237.jpg','2018-02-14',b'1',13),(61,'TB2E.rgX2DH8KJjy1XcXXcpdXXa_!!326221237.jpg','2018-02-14',b'1',13),(62,'TB2Z_nIalyN.eBjSZFkXXb8YFXa_!!326221237.jpg','2018-02-14',b'0',14),(63,'TB2u4rIaheK.eBjSZFuXXcT4FXa_!!326221237.jpg','2018-02-14',b'1',14),(64,'TB2yzvJaoOO.eBjSZFLXXcxmXXa_!!326221237.jpg','2018-02-14',b'1',14),(65,'TB2r22IafSM.eBjSZFNXXbgYpXa_!!326221237.jpg','2018-02-14',b'1',14),(66,'TB2JoYnoMoQMeJjy0FnXXb8gFXa_!!326221237.jpg','2018-02-14',b'1',14),(67,'TB2t_qkc7fb_uJkSmFPXXcrCFXa_!!292630130.jpg','2018-02-14',b'0',15),(68,'TB2LyIpcx6I8KJjSszfXXaZVXXa_!!292630130.jpg','2018-02-14',b'1',15),(69,'TB2WlVGaiqAXuNjy1XdXXaYcVXa_!!292630130.jpg','2018-02-14',b'1',15),(70,'TB2xFwAcBDH8KJjy1zeXXXjepXa_!!292630130.jpg','2018-02-14',b'1',15),(71,'TB2AVTfjd0opuFjSZFxXXaDNVXa_!!292630130.jpg','2018-02-14',b'1',15),(72,'TB2UnvbXbJmpuFjSZFwXXaE4VXa_!!50085068.jpg','2018-02-14',b'0',16),(73,'TB2Vu6bXbBnpuFjSZFGXXX51pXa_!!50085068.jpg','2018-02-14',b'1',16),(74,'TB23bgiXYtlpuFjSspfXXXLUpXa_!!50085068.jpg','2018-02-14',b'1',16),(75,'TB2srkkXY8kpuFjy0FcXXaUhpXa_!!50085068.jpg','2018-02-14',b'1',16),(76,'TB2Re7gXYXlpuFjSszfXXcSGXXa_!!50085068.jpg','2018-02-14',b'1',16),(77,'TB2YbTLeP3z9KJjy0FmXXXiwXXa_!!70892321.jpg','2018-02-14',b'0',18),(78,'TB28m0if0fJ8KJjy0FeXXXKEXXa_!!70892321.jpg','2018-02-14',b'1',18),(79,'TB2LVo_fRDH8KJjSszcXXbDTFXa_!!70892321.jpg','2018-02-14',b'1',18),(80,'TB2XmW9dL9TBuNjy1zbXXXpepXa_!!70892321.jpg','2018-02-14',b'1',18),(81,'TB2DfOjsFXXXXaIXXXXXXXXXXXX_!!70892321.jpg','2018-02-14',b'1',18),(82,'TB2vqNsX9KI.eBjy1zcXXXIOpXa_!!352985921.jpg','2018-02-14',b'0',17),(83,'TB2owRrXYaI.eBjSszdXXaB6XXa_!!352985921.jpg','2018-02-14',b'1',17),(84,'TB2C94pXYWJ.eBjSspdXXXiXFXa_!!352985921.jpg','2018-02-14',b'1',17),(85,'TB2c4VWoVXXXXbZXXXXXXXXXXXX_!!378880731.jpg','2018-02-14',b'0',19),(86,'TB2B6R2aXXXXXarXpXXXXXXXXXX_!!378880731.jpg','2018-02-14',b'1',19),(87,'TB28s43aXXXXXX3XpXXXXXXXXXX_!!378880731.jpg','2018-02-14',b'1',19),(88,'TB2cHsGeXXXXXbFXXXXXXXXXXXX_!!378880731.jpg','2018-02-14',b'1',19),(89,'TB2ofFWeFXXXXbXXXXXXXXXXXXX_!!378880731.jpg','2018-02-14',b'1',19),(90,'TB1w.I9IVXXXXazXpXXXXXXXXXX_!!0-item_pic.jpg','2018-02-14',b'0',20),(91,'TB2i0xLsB8kpuFjSspeXXc7IpXa_!!25420649.jpg','2018-02-14',b'1',20),(92,'TB2kJfzepXXXXahXpXXXXXXXXXX_!!25420649.jpg','2018-02-14',b'1',20),(93,'TB2oNLBepXXXXXVXpXXXXXXXXXX_!!25420649.jpg','2018-02-14',b'1',20),(94,'TB2warTepXXXXX4XXXXXXXXXXXX_!!25420649.jpg','2018-02-14',b'1',20),(95,'TB2qhtuamiJ.eBjSspoXXcpMFXa_!!326221237.jpg','2018-02-14',b'0',21),(96,'TB2wt6CafOM.eBjSZFqXXculVXa_!!326221237.jpg','2018-02-14',b'1',21),(97,'TB2TSnJhh6I8KJjSszfXXaZVXXa_!!326221237.png','2018-02-14',b'1',21),(98,'TB2XIb7hgvD8KJjy0FlXXagBFXa_!!326221237.jpg','2018-02-14',b'1',21),(99,'TB2E.rgX2DH8KJjy1XcXXcpdXXa_!!326221237.jpg','2018-02-14',b'1',21),(100,'TB2Z_nIalyN.eBjSZFkXXb8YFXa_!!326221237.jpg','2018-02-14',b'0',22),(101,'TB2u4rIaheK.eBjSZFuXXcT4FXa_!!326221237.jpg','2018-02-14',b'1',22),(102,'TB2yzvJaoOO.eBjSZFLXXcxmXXa_!!326221237.jpg','2018-02-14',b'1',22),(103,'TB2r22IafSM.eBjSZFNXXbgYpXa_!!326221237.jpg','2018-02-14',b'1',22),(104,'TB2JoYnoMoQMeJjy0FnXXb8gFXa_!!326221237.jpg','2018-02-14',b'1',22),(105,'TB2t_qkc7fb_uJkSmFPXXcrCFXa_!!292630130.jpg','2018-02-14',b'0',23),(106,'TB2LyIpcx6I8KJjSszfXXaZVXXa_!!292630130.jpg','2018-02-14',b'1',23),(107,'TB2WlVGaiqAXuNjy1XdXXaYcVXa_!!292630130.jpg','2018-02-14',b'1',23),(108,'TB2xFwAcBDH8KJjy1zeXXXjepXa_!!292630130.jpg','2018-02-14',b'1',23),(109,'TB2AVTfjd0opuFjSZFxXXaDNVXa_!!292630130.jpg','2018-02-14',b'1',23),(110,'TB2UnvbXbJmpuFjSZFwXXaE4VXa_!!50085068.jpg','2018-02-14',b'0',24),(111,'TB2Vu6bXbBnpuFjSZFGXXX51pXa_!!50085068.jpg','2018-02-14',b'1',24),(112,'TB23bgiXYtlpuFjSspfXXXLUpXa_!!50085068.jpg','2018-02-14',b'1',24),(113,'TB2srkkXY8kpuFjy0FcXXaUhpXa_!!50085068.jpg','2018-02-14',b'1',24),(114,'TB2Re7gXYXlpuFjSszfXXcSGXXa_!!50085068.jpg','2018-02-14',b'1',24),(115,'TB2YbTLeP3z9KJjy0FmXXXiwXXa_!!70892321.jpg','2018-02-14',b'0',26),(116,'TB28m0if0fJ8KJjy0FeXXXKEXXa_!!70892321.jpg','2018-02-14',b'1',26),(117,'TB2LVo_fRDH8KJjSszcXXbDTFXa_!!70892321.jpg','2018-02-14',b'1',26),(118,'TB2XmW9dL9TBuNjy1zbXXXpepXa_!!70892321.jpg','2018-02-14',b'1',26),(119,'TB2DfOjsFXXXXaIXXXXXXXXXXXX_!!70892321.jpg','2018-02-14',b'1',26),(120,'TB2vqNsX9KI.eBjy1zcXXXIOpXa_!!352985921.jpg','2018-02-14',b'0',25),(121,'TB2owRrXYaI.eBjSszdXXaB6XXa_!!352985921.jpg','2018-02-14',b'1',25),(122,'TB2C94pXYWJ.eBjSspdXXXiXFXa_!!352985921.jpg','2018-02-14',b'1',25),(123,'TB2c4VWoVXXXXbZXXXXXXXXXXXX_!!378880731.jpg','2018-02-14',b'0',27),(124,'TB2B6R2aXXXXXarXpXXXXXXXXXX_!!378880731.jpg','2018-02-14',b'1',27),(125,'TB28s43aXXXXXX3XpXXXXXXXXXX_!!378880731.jpg','2018-02-14',b'1',27),(126,'TB2cHsGeXXXXXbFXXXXXXXXXXXX_!!378880731.jpg','2018-02-14',b'1',27),(127,'TB2ofFWeFXXXXbXXXXXXXXXXXXX_!!378880731.jpg','2018-02-14',b'1',27),(128,'TB1w.I9IVXXXXazXpXXXXXXXXXX_!!0-item_pic.jpg','2018-02-14',b'0',28),(129,'TB2i0xLsB8kpuFjSspeXXc7IpXa_!!25420649.jpg','2018-02-14',b'1',28),(130,'TB2kJfzepXXXXahXpXXXXXXXXXX_!!25420649.jpg','2018-02-14',b'1',28),(131,'TB2oNLBepXXXXXVXpXXXXXXXXXX_!!25420649.jpg','2018-02-14',b'1',28),(132,'TB2warTepXXXXX4XXXXXXXXXXXX_!!25420649.jpg','2018-02-14',b'1',28),(133,'TB2qhtuamiJ.eBjSspoXXcpMFXa_!!326221237.jpg','2018-02-14',b'0',29),(134,'TB2wt6CafOM.eBjSZFqXXculVXa_!!326221237.jpg','2018-02-14',b'1',29),(135,'TB2TSnJhh6I8KJjSszfXXaZVXXa_!!326221237.png','2018-02-14',b'1',29),(136,'TB2XIb7hgvD8KJjy0FlXXagBFXa_!!326221237.jpg','2018-02-14',b'1',29),(137,'TB2E.rgX2DH8KJjy1XcXXcpdXXa_!!326221237.jpg','2018-02-14',b'1',29),(138,'TB2Z_nIalyN.eBjSZFkXXb8YFXa_!!326221237.jpg','2018-02-14',b'0',30),(139,'TB2u4rIaheK.eBjSZFuXXcT4FXa_!!326221237.jpg','2018-02-14',b'1',30),(140,'TB2yzvJaoOO.eBjSZFLXXcxmXXa_!!326221237.jpg','2018-02-14',b'1',30),(141,'TB2r22IafSM.eBjSZFNXXbgYpXa_!!326221237.jpg','2018-02-14',b'1',30),(142,'TB2JoYnoMoQMeJjy0FnXXb8gFXa_!!326221237.jpg','2018-02-14',b'1',30),(143,'TB2t_qkc7fb_uJkSmFPXXcrCFXa_!!292630130.jpg','2018-02-14',b'0',31),(144,'TB2LyIpcx6I8KJjSszfXXaZVXXa_!!292630130.jpg','2018-02-14',b'1',31),(145,'TB2WlVGaiqAXuNjy1XdXXaYcVXa_!!292630130.jpg','2018-02-14',b'1',31),(146,'TB2xFwAcBDH8KJjy1zeXXXjepXa_!!292630130.jpg','2018-02-14',b'1',31),(147,'TB2AVTfjd0opuFjSZFxXXaDNVXa_!!292630130.jpg','2018-02-14',b'1',31),(148,'TB2UnvbXbJmpuFjSZFwXXaE4VXa_!!50085068.jpg','2018-02-14',b'0',32),(149,'TB2Vu6bXbBnpuFjSZFGXXX51pXa_!!50085068.jpg','2018-02-14',b'1',32),(150,'TB23bgiXYtlpuFjSspfXXXLUpXa_!!50085068.jpg','2018-02-14',b'1',32),(151,'TB2srkkXY8kpuFjy0FcXXaUhpXa_!!50085068.jpg','2018-02-14',b'1',32),(152,'TB2Re7gXYXlpuFjSszfXXcSGXXa_!!50085068.jpg','2018-02-14',b'1',32),(153,'TB2YbTLeP3z9KJjy0FmXXXiwXXa_!!70892321.jpg','2018-02-14',b'0',34),(154,'TB28m0if0fJ8KJjy0FeXXXKEXXa_!!70892321.jpg','2018-02-14',b'1',34),(155,'TB2LVo_fRDH8KJjSszcXXbDTFXa_!!70892321.jpg','2018-02-14',b'1',34),(156,'TB2XmW9dL9TBuNjy1zbXXXpepXa_!!70892321.jpg','2018-02-14',b'1',34),(157,'TB2DfOjsFXXXXaIXXXXXXXXXXXX_!!70892321.jpg','2018-02-14',b'1',34),(158,'TB2vqNsX9KI.eBjy1zcXXXIOpXa_!!352985921.jpg','2018-02-14',b'0',33),(159,'TB2owRrXYaI.eBjSszdXXaB6XXa_!!352985921.jpg','2018-02-14',b'1',33),(160,'TB2C94pXYWJ.eBjSspdXXXiXFXa_!!352985921.jpg','2018-02-14',b'1',33),(161,'TB2c4VWoVXXXXbZXXXXXXXXXXXX_!!378880731.jpg','2018-02-14',b'0',35),(162,'TB2B6R2aXXXXXarXpXXXXXXXXXX_!!378880731.jpg','2018-02-14',b'1',35),(163,'TB28s43aXXXXXX3XpXXXXXXXXXX_!!378880731.jpg','2018-02-14',b'1',35),(164,'TB2cHsGeXXXXXbFXXXXXXXXXXXX_!!378880731.jpg','2018-02-14',b'1',35),(165,'TB2ofFWeFXXXXbXXXXXXXXXXXXX_!!378880731.jpg','2018-02-14',b'1',35),(166,'TB1w.I9IVXXXXazXpXXXXXXXXXX_!!0-item_pic.jpg','2018-02-14',b'0',36),(167,'TB2i0xLsB8kpuFjSspeXXc7IpXa_!!25420649.jpg','2018-02-14',b'1',36),(168,'TB2kJfzepXXXXahXpXXXXXXXXXX_!!25420649.jpg','2018-02-14',b'1',36),(169,'TB2oNLBepXXXXXVXpXXXXXXXXXX_!!25420649.jpg','2018-02-14',b'1',36),(170,'TB2warTepXXXXX4XXXXXXXXXXXX_!!25420649.jpg','2018-02-14',b'1',36),(171,'TB2qhtuamiJ.eBjSspoXXcpMFXa_!!326221237.jpg','2018-02-14',b'1',36),(172,'TB2wt6CafOM.eBjSZFqXXculVXa_!!326221237.jpg','2018-02-14',b'0',37),(173,'TB2TSnJhh6I8KJjSszfXXaZVXXa_!!326221237.png','2018-02-14',b'1',37),(174,'TB2XIb7hgvD8KJjy0FlXXagBFXa_!!326221237.jpg','2018-02-14',b'1',37),(175,'TB2E.rgX2DH8KJjy1XcXXcpdXXa_!!326221237.jpg','2018-02-14',b'1',37),(176,'TB2Z_nIalyN.eBjSZFkXXb8YFXa_!!326221237.jpg','2018-02-14',b'0',38),(177,'TB2u4rIaheK.eBjSZFuXXcT4FXa_!!326221237.jpg','2018-02-14',b'1',38),(178,'TB2yzvJaoOO.eBjSZFLXXcxmXXa_!!326221237.jpg','2018-02-14',b'1',38),(179,'TB2r22IafSM.eBjSZFNXXbgYpXa_!!326221237.jpg','2018-02-14',b'1',38),(180,'TB2JoYnoMoQMeJjy0FnXXb8gFXa_!!326221237.jpg','2018-02-14',b'1',38),(181,'TB2t_qkc7fb_uJkSmFPXXcrCFXa_!!292630130.jpg','2018-02-14',b'0',39),(182,'TB2LyIpcx6I8KJjSszfXXaZVXXa_!!292630130.jpg','2018-02-14',b'1',39),(183,'TB2WlVGaiqAXuNjy1XdXXaYcVXa_!!292630130.jpg','2018-02-14',b'1',39),(184,'TB2xFwAcBDH8KJjy1zeXXXjepXa_!!292630130.jpg','2018-02-14',b'1',39),(185,'TB2AVTfjd0opuFjSZFxXXaDNVXa_!!292630130.jpg','2018-02-14',b'1',39),(186,'TB2UnvbXbJmpuFjSZFwXXaE4VXa_!!50085068.jpg','2018-02-14',b'0',40),(187,'TB2Vu6bXbBnpuFjSZFGXXX51pXa_!!50085068.jpg','2018-02-14',b'1',40),(188,'TB23bgiXYtlpuFjSspfXXXLUpXa_!!50085068.jpg','2018-02-14',b'1',40),(189,'TB2srkkXY8kpuFjy0FcXXaUhpXa_!!50085068.jpg','2018-02-14',b'1',40),(190,'TB2Re7gXYXlpuFjSszfXXcSGXXa_!!50085068.jpg','2018-02-14',b'1',40),(191,'TB2YbTLeP3z9KJjy0FmXXXiwXXa_!!70892321.jpg','2018-02-14',b'0',42),(192,'TB28m0if0fJ8KJjy0FeXXXKEXXa_!!70892321.jpg','2018-02-14',b'1',42),(193,'TB2LVo_fRDH8KJjSszcXXbDTFXa_!!70892321.jpg','2018-02-14',b'1',42),(194,'TB2XmW9dL9TBuNjy1zbXXXpepXa_!!70892321.jpg','2018-02-14',b'1',42),(195,'TB2DfOjsFXXXXaIXXXXXXXXXXXX_!!70892321.jpg','2018-02-14',b'1',42),(196,'TB2vqNsX9KI.eBjy1zcXXXIOpXa_!!352985921.jpg','2018-02-14',b'0',41),(197,'TB2owRrXYaI.eBjSszdXXaB6XXa_!!352985921.jpg','2018-02-14',b'1',41),(198,'TB2C94pXYWJ.eBjSspdXXXiXFXa_!!352985921.jpg','2018-02-14',b'1',41),(199,'TB2c4VWoVXXXXbZXXXXXXXXXXXX_!!378880731.jpg','2018-02-14',b'0',43),(200,'TB2B6R2aXXXXXarXpXXXXXXXXXX_!!378880731.jpg','2018-02-14',b'1',43),(201,'TB28s43aXXXXXX3XpXXXXXXXXXX_!!378880731.jpg','2018-02-14',b'1',43),(202,'TB2cHsGeXXXXXbFXXXXXXXXXXXX_!!378880731.jpg','2018-02-14',b'1',43),(203,'TB2ofFWeFXXXXbXXXXXXXXXXXXX_!!378880731.jpg','2018-02-14',b'1',43),(204,'TB1w.I9IVXXXXazXpXXXXXXXXXX_!!0-item_pic.jpg','2018-02-14',b'0',44),(205,'TB2i0xLsB8kpuFjSspeXXc7IpXa_!!25420649.jpg','2018-02-14',b'1',44),(206,'TB2kJfzepXXXXahXpXXXXXXXXXX_!!25420649.jpg','2018-02-14',b'1',44),(207,'TB2oNLBepXXXXXVXpXXXXXXXXXX_!!25420649.jpg','2018-02-14',b'1',44),(208,'TB2warTepXXXXX4XXXXXXXXXXXX_!!25420649.jpg','2018-02-14',b'1',44),(209,'TB2qhtuamiJ.eBjSspoXXcpMFXa_!!326221237.jpg','2018-02-14',b'0',45),(210,'TB2wt6CafOM.eBjSZFqXXculVXa_!!326221237.jpg','2018-02-14',b'1',45),(211,'TB2TSnJhh6I8KJjSszfXXaZVXXa_!!326221237.png','2018-02-14',b'1',45),(212,'TB2XIb7hgvD8KJjy0FlXXagBFXa_!!326221237.jpg','2018-02-14',b'1',45),(213,'TB2E.rgX2DH8KJjy1XcXXcpdXXa_!!326221237.jpg','2018-02-14',b'1',45),(214,'TB2Z_nIalyN.eBjSZFkXXb8YFXa_!!326221237.jpg','2018-02-14',b'0',46),(215,'TB2u4rIaheK.eBjSZFuXXcT4FXa_!!326221237.jpg','2018-02-14',b'1',46),(216,'TB2yzvJaoOO.eBjSZFLXXcxmXXa_!!326221237.jpg','2018-02-14',b'1',46),(217,'TB2r22IafSM.eBjSZFNXXbgYpXa_!!326221237.jpg','2018-02-14',b'1',46),(218,'TB2JoYnoMoQMeJjy0FnXXb8gFXa_!!326221237.jpg','2018-02-14',b'1',46),(219,'TB2t_qkc7fb_uJkSmFPXXcrCFXa_!!292630130.jpg','2018-02-14',b'0',47),(220,'TB2LyIpcx6I8KJjSszfXXaZVXXa_!!292630130.jpg','2018-02-14',b'1',47),(221,'TB2WlVGaiqAXuNjy1XdXXaYcVXa_!!292630130.jpg','2018-02-14',b'1',47),(222,'TB2xFwAcBDH8KJjy1zeXXXjepXa_!!292630130.jpg','2018-02-14',b'1',47),(223,'TB2AVTfjd0opuFjSZFxXXaDNVXa_!!292630130.jpg','2018-02-14',b'1',47),(224,'TB2UnvbXbJmpuFjSZFwXXaE4VXa_!!50085068.jpg','2018-02-14',b'0',48),(225,'TB2Vu6bXbBnpuFjSZFGXXX51pXa_!!50085068.jpg','2018-02-14',b'1',48),(226,'TB23bgiXYtlpuFjSspfXXXLUpXa_!!50085068.jpg','2018-02-14',b'1',48),(227,'TB2srkkXY8kpuFjy0FcXXaUhpXa_!!50085068.jpg','2018-02-14',b'1',48),(228,'TB2Re7gXYXlpuFjSszfXXcSGXXa_!!50085068.jpg','2018-02-14',b'1',48),(229,'TB2YbTLeP3z9KJjy0FmXXXiwXXa_!!70892321.jpg','2018-02-14',b'0',50),(230,'TB28m0if0fJ8KJjy0FeXXXKEXXa_!!70892321.jpg','2018-02-14',b'1',50),(231,'TB2LVo_fRDH8KJjSszcXXbDTFXa_!!70892321.jpg','2018-02-14',b'1',50),(232,'TB2XmW9dL9TBuNjy1zbXXXpepXa_!!70892321.jpg','2018-02-14',b'1',50),(233,'TB2DfOjsFXXXXaIXXXXXXXXXXXX_!!70892321.jpg','2018-02-14',b'1',50),(234,'TB2vqNsX9KI.eBjy1zcXXXIOpXa_!!352985921.jpg','2018-02-14',b'0',49),(235,'TB2owRrXYaI.eBjSszdXXaB6XXa_!!352985921.jpg','2018-02-14',b'1',49),(236,'TB2C94pXYWJ.eBjSspdXXXiXFXa_!!352985921.jpg','2018-02-14',b'1',49),(237,'TB2c4VWoVXXXXbZXXXXXXXXXXXX_!!378880731.jpg','2018-02-14',b'0',51),(238,'TB2B6R2aXXXXXarXpXXXXXXXXXX_!!378880731.jpg','2018-02-14',b'1',51),(239,'TB28s43aXXXXXX3XpXXXXXXXXXX_!!378880731.jpg','2018-02-14',b'1',51),(240,'TB2cHsGeXXXXXbFXXXXXXXXXXXX_!!378880731.jpg','2018-02-14',b'1',51),(241,'TB2ofFWeFXXXXbXXXXXXXXXXXXX_!!378880731.jpg','2018-02-14',b'1',51),(242,'TB1w.I9IVXXXXazXpXXXXXXXXXX_!!0-item_pic.jpg','2018-02-14',b'0',52),(243,'TB2i0xLsB8kpuFjSspeXXc7IpXa_!!25420649.jpg','2018-02-14',b'1',52),(244,'TB2kJfzepXXXXahXpXXXXXXXXXX_!!25420649.jpg','2018-02-14',b'1',52),(245,'TB2oNLBepXXXXXVXpXXXXXXXXXX_!!25420649.jpg','2018-02-14',b'1',52),(246,'TB2warTepXXXXX4XXXXXXXXXXXX_!!25420649.jpg','2018-02-14',b'1',52),(247,'TB2qhtuamiJ.eBjSspoXXcpMFXa_!!326221237.jpg','2018-02-14',b'0',53),(248,'TB2wt6CafOM.eBjSZFqXXculVXa_!!326221237.jpg','2018-02-14',b'1',53),(249,'TB2TSnJhh6I8KJjSszfXXaZVXXa_!!326221237.png','2018-02-14',b'1',53),(250,'TB2XIb7hgvD8KJjy0FlXXagBFXa_!!326221237.jpg','2018-02-14',b'1',53),(251,'TB2E.rgX2DH8KJjy1XcXXcpdXXa_!!326221237.jpg','2018-02-14',b'1',53),(252,'TB2Z_nIalyN.eBjSZFkXXb8YFXa_!!326221237.jpg','2018-02-14',b'0',54),(253,'TB2u4rIaheK.eBjSZFuXXcT4FXa_!!326221237.jpg','2018-02-14',b'1',54),(254,'TB2yzvJaoOO.eBjSZFLXXcxmXXa_!!326221237.jpg','2018-02-14',b'1',54),(255,'TB2r22IafSM.eBjSZFNXXbgYpXa_!!326221237.jpg','2018-02-14',b'1',54),(256,'TB2JoYnoMoQMeJjy0FnXXb8gFXa_!!326221237.jpg','2018-02-14',b'1',54),(257,'TB2t_qkc7fb_uJkSmFPXXcrCFXa_!!292630130.jpg','2018-02-14',b'0',55),(258,'TB2LyIpcx6I8KJjSszfXXaZVXXa_!!292630130.jpg','2018-02-14',b'1',55),(259,'TB2WlVGaiqAXuNjy1XdXXaYcVXa_!!292630130.jpg','2018-02-14',b'1',55),(260,'TB2xFwAcBDH8KJjy1zeXXXjepXa_!!292630130.jpg','2018-02-14',b'1',55),(261,'TB2AVTfjd0opuFjSZFxXXaDNVXa_!!292630130.jpg','2018-02-14',b'1',55),(262,'TB2UnvbXbJmpuFjSZFwXXaE4VXa_!!50085068.jpg','2018-02-14',b'0',56),(263,'TB2Vu6bXbBnpuFjSZFGXXX51pXa_!!50085068.jpg','2018-02-14',b'1',56),(264,'TB23bgiXYtlpuFjSspfXXXLUpXa_!!50085068.jpg','2018-02-14',b'1',56),(265,'TB2srkkXY8kpuFjy0FcXXaUhpXa_!!50085068.jpg','2018-02-14',b'1',56),(266,'TB2Re7gXYXlpuFjSszfXXcSGXXa_!!50085068.jpg','2018-02-14',b'1',56),(267,'TB2YbTLeP3z9KJjy0FmXXXiwXXa_!!70892321.jpg','2018-02-14',b'0',58),(268,'TB28m0if0fJ8KJjy0FeXXXKEXXa_!!70892321.jpg','2018-02-14',b'1',58),(269,'TB2LVo_fRDH8KJjSszcXXbDTFXa_!!70892321.jpg','2018-02-14',b'1',58),(270,'TB2XmW9dL9TBuNjy1zbXXXpepXa_!!70892321.jpg','2018-02-14',b'1',58),(271,'TB2DfOjsFXXXXaIXXXXXXXXXXXX_!!70892321.jpg','2018-02-14',b'1',58),(272,'TB2vqNsX9KI.eBjy1zcXXXIOpXa_!!352985921.jpg','2018-02-14',b'0',57),(273,'TB2owRrXYaI.eBjSszdXXaB6XXa_!!352985921.jpg','2018-02-14',b'1',57),(274,'TB2C94pXYWJ.eBjSspdXXXiXFXa_!!352985921.jpg','2018-02-14',b'1',57),(275,'TB2c4VWoVXXXXbZXXXXXXXXXXXX_!!378880731.jpg','2018-02-14',b'0',59),(276,'TB2B6R2aXXXXXarXpXXXXXXXXXX_!!378880731.jpg','2018-02-14',b'1',59),(277,'TB28s43aXXXXXX3XpXXXXXXXXXX_!!378880731.jpg','2018-02-14',b'1',59),(278,'TB2cHsGeXXXXXbFXXXXXXXXXXXX_!!378880731.jpg','2018-02-14',b'1',59),(279,'TB2ofFWeFXXXXbXXXXXXXXXXXXX_!!378880731.jpg','2018-02-14',b'1',59),(280,'TB1w.I9IVXXXXazXpXXXXXXXXXX_!!0-item_pic.jpg','2018-02-14',b'0',60),(281,'TB2i0xLsB8kpuFjSspeXXc7IpXa_!!25420649.jpg','2018-02-14',b'1',60),(282,'TB2kJfzepXXXXahXpXXXXXXXXXX_!!25420649.jpg','2018-02-14',b'1',60),(283,'TB2oNLBepXXXXXVXpXXXXXXXXXX_!!25420649.jpg','2018-02-14',b'1',60),(284,'TB2warTepXXXXX4XXXXXXXXXXXX_!!25420649.jpg','2018-02-14',b'1',60),(285,'TB2qhtuamiJ.eBjSspoXXcpMFXa_!!326221237.jpg','2018-02-14',b'0',61),(286,'TB2wt6CafOM.eBjSZFqXXculVXa_!!326221237.jpg','2018-02-14',b'1',61),(287,'TB2TSnJhh6I8KJjSszfXXaZVXXa_!!326221237.png','2018-02-14',b'1',61),(288,'TB2XIb7hgvD8KJjy0FlXXagBFXa_!!326221237.jpg','2018-02-14',b'1',61),(289,'TB2E.rgX2DH8KJjy1XcXXcpdXXa_!!326221237.jpg','2018-02-14',b'1',61),(290,'TB2Z_nIalyN.eBjSZFkXXb8YFXa_!!326221237.jpg','2018-02-14',b'0',62),(291,'TB2u4rIaheK.eBjSZFuXXcT4FXa_!!326221237.jpg','2018-02-14',b'1',62),(292,'TB2yzvJaoOO.eBjSZFLXXcxmXXa_!!326221237.jpg','2018-02-14',b'1',62),(293,'TB2r22IafSM.eBjSZFNXXbgYpXa_!!326221237.jpg','2018-02-14',b'1',62),(294,'TB2JoYnoMoQMeJjy0FnXXb8gFXa_!!326221237.jpg','2018-02-14',b'1',62),(295,'TB2t_qkc7fb_uJkSmFPXXcrCFXa_!!292630130.jpg','2018-02-14',b'0',63),(296,'TB2LyIpcx6I8KJjSszfXXaZVXXa_!!292630130.jpg','2018-02-14',b'1',63),(297,'TB2WlVGaiqAXuNjy1XdXXaYcVXa_!!292630130.jpg','2018-02-14',b'1',63),(298,'TB2xFwAcBDH8KJjy1zeXXXjepXa_!!292630130.jpg','2018-02-14',b'1',63),(299,'TB2AVTfjd0opuFjSZFxXXaDNVXa_!!292630130.jpg','2018-02-14',b'1',63),(300,'TB2UnvbXbJmpuFjSZFwXXaE4VXa_!!50085068.jpg','2018-02-14',b'0',64),(301,'TB2Vu6bXbBnpuFjSZFGXXX51pXa_!!50085068.jpg','2018-02-14',b'1',64),(302,'TB23bgiXYtlpuFjSspfXXXLUpXa_!!50085068.jpg','2018-02-14',b'1',64),(303,'TB2srkkXY8kpuFjy0FcXXaUhpXa_!!50085068.jpg','2018-02-14',b'1',64),(304,'TB2Re7gXYXlpuFjSszfXXcSGXXa_!!50085068.jpg','2018-02-14',b'1',64);

#
# Structure for table "good_standard"
#

CREATE TABLE `good_standard` (
  `id` smallint(6) NOT NULL AUTO_INCREMENT,
  `name` varchar(20) NOT NULL,
  `num` int(11) NOT NULL,
  `good_id` int(11) DEFAULT NULL,
  PRIMARY KEY (`id`)
) ENGINE=InnoDB DEFAULT CHARSET=utf8;

#
# Data for table "good_standard"
#


#
# Structure for table "good_type"
#

CREATE TABLE `good_type` (
  `id` smallint(6) NOT NULL AUTO_INCREMENT,
  `name` varchar(20) NOT NULL,
  `parent_id` smallint(6) DEFAULT NULL,
  `create_time` date NOT NULL,
  `menu_id` smallint(6) DEFAULT NULL,
  PRIMARY KEY (`id`)
) ENGINE=InnoDB AUTO_INCREMENT=85 DEFAULT CHARSET=utf8;

#
# Data for table "good_type"
#

INSERT INTO `good_type` VALUES (1,'休闲零食',0,'2018-02-14',1),(2,'饼干糕点',0,'2018-02-14',2),(3,'生鲜果蔬',0,'2018-02-14',3),(4,'粮油干货',0,'2018-02-14',4),(5,'茶水饮料',0,'2018-02-14',5),(6,'传统滋补',0,'2018-02-14',6),(7,'特色名酒',0,'2018-02-14',7),(8,'进口食品',0,'2018-02-14',8),(9,'零食/坚果/特产',1,'2018-02-14',1),(10,'粮油米面/土特产/调味品',1,'2018-02-14',1),(11,'水果蔬菜/水产肉类/熟食',1,'2018-02-14',1),(12,'参茸滋补',1,'2018-02-14',1),(13,'保健滋补医药器械',1,'2018-02-14',1),(14,'茶/咖啡/冲饮/饮料',1,'2018-02-14',1),(15,'饼干/糕点/膨化小食',2,'2018-02-14',2),(16,'糕点/点心',2,'2018-02-14',2),(17,'木瓜',3,'2018-02-14',3),(18,'更多水果',3,'2018-02-14',3),(19,'杂粮主食',4,'2018-02-14',4),(21,'食用油',4,'2018-02-14',4),(22,'粗粮',4,'2018-02-14',4),(23,'菌菇干货',4,'2018-02-14',4),(24,'腊味',4,'2018-02-14',4),(25,'调味品',4,'2018-02-14',4),(26,'调味酱',4,'2018-02-14',4),(27,'调味油',4,'2018-02-14',4),(28,'方便速食',4,'2018-02-14',4),(29,'其他',4,'2018-02-14',4),(30,'绿茶',5,'2018-02-14',5),(31,'乌龙茶',5,'2018-02-14',5),(32,'红茶',5,'2018-02-14',5),(33,'普洱茶',5,'2018-02-14',5),(34,'白茶',5,'2018-02-14',5),(35,'蜂类产品',6,'2018-02-14',6),(36,'养生滋补',6,'2018-02-14',6),(37,'药食同源',6,'2018-02-14',6),(38,'滋补食材',6,'2018-02-14',6),(39,'新资源保健',6,'2018-02-14',6),(40,'其他',6,'2018-02-14',6),(41,'五粮液/国产白酒',7,'2018-02-14',7),(42,'会稽山/黄酒',7,'2018-02-14',7),(43,'啤酒',7,'2018-02-14',7),(44,'保健酒',7,'2018-02-14',7),(45,'其他酒类',7,'2018-02-14',7),(46,'洋酒',7,'2018-02-14',7),(47,'葡萄酒/红酒',7,'2018-02-14',7),(48,'进口糖果-巧克力',8,'2018-02-14',8),(49,'进口蜜饯-坚果',8,'2018-02-14',8),(50,'进口食用油品',8,'2018-02-14',8),(51,'进口休闲零食',8,'2018-02-14',8),(52,'进口牛奶乳品',8,'2018-02-14',8),(53,'巧克力/DIY巧克力',9,'2018-02-14',NULL),(54,'蜜饯/枣类/梅/果脯',9,'2018-02-14',NULL),(55,'山核桃/坚果/炒货',9,'2018-02-14',NULL),(56,'糖果/果冻/布丁',9,'2018-02-14',NULL),(57,'奶酪/乳品',9,'2018-02-14',NULL),(58,'肉干/肉脯/豆干/肉类',9,'2018-02-14',NULL),(59,'荔枝干',10,'2018-02-14',NULL),(60,'香菇/食用菌',10,'2018-02-14',NULL),(61,'腊/腌肉',10,'2018-02-14',NULL),(62,'干货/土特产',10,'2018-02-14',NULL),(63,'传统糕点',15,'2018-02-14',NULL),(64,'膨化食品',15,'2018-02-14',NULL),(65,'曲奇饼干',15,'2018-02-14',NULL),(66,'薄脆饼干',15,'2018-02-14',NULL),(67,'威化饼干',15,'2018-02-14',NULL),(68,'国产大米',19,'2018-02-14',NULL),(77,'面粉',19,'2018-02-14',NULL),(78,'小米',19,'2018-02-14',NULL),(79,'泰国香米',19,'2018-02-14',NULL),(80,'黑米',19,'2018-02-14',NULL),(81,'糯米',19,'2018-02-14',NULL),(82,'橄榄油',21,'2018-02-14',NULL),(83,'山茶油',21,'2018-02-14',NULL),(84,'大豆油',21,'2018-02-14',NULL);

#
# Structure for table "menu"
#

CREATE TABLE `menu` (
  `Id` int(11) NOT NULL AUTO_INCREMENT,
  `name` varchar(32) DEFAULT NULL,
  `grade` smallint(6) NOT NULL DEFAULT '1',
  `parent_id` int(11) DEFAULT NULL,
  `status` bit(1) NOT NULL DEFAULT b'1',
  `img` varchar(50) DEFAULT NULL,
  `create_time` date DEFAULT NULL,
  `describe` varchar(255) DEFAULT NULL,
  PRIMARY KEY (`Id`)
) ENGINE=InnoDB AUTO_INCREMENT=60 DEFAULT CHARSET=utf8;

#
# Data for table "menu"
#

INSERT INTO `menu` VALUES (1,'休闲零食',0,0,b'1','1.png','2018-01-12',NULL),(2,'饼干糕点',0,0,b'1','2.png','2018-01-12',NULL),(3,'生鲜果蔬',0,0,b'1','3.png','2018-01-12',NULL),(4,'粮油干货',0,0,b'1','4.png','2018-01-12',NULL),(5,'茶水饮料',0,0,b'1','5.png','2018-01-12',NULL),(6,'传统滋补',0,0,b'1','6.png','2018-01-12',NULL),(7,'特色名酒',0,0,b'1','7.png','2018-01-12',NULL),(8,'进口食品',0,0,b'1','8.png','2018-01-12',NULL),(9,'坚果炒货',1,1,b'1',NULL,'2018-01-12',NULL),(10,'肉类即食',1,1,b'1',NULL,'2018-01-12',NULL),(11,'糖果巧克力',1,1,b'1',NULL,'2018-01-12',NULL),(12,'梅/果干',1,1,b'1',NULL,'2018-01-12',NULL),(13,'海味即食',1,1,b'1',NULL,'2018-01-12',NULL),(14,'核桃',1,1,b'1',NULL,'2018-01-12',NULL),(15,'进口零食',1,1,b'1',NULL,'2018-01-12',NULL),(16,'传统糕点',1,2,b'1',NULL,'2018-01-12',NULL),(17,'西式糕点',1,2,b'1',NULL,'2018-01-12',NULL),(18,'饼干',1,2,b'1',NULL,'2018-01-12',NULL),(19,'膨化食品',1,2,b'1',NULL,'2018-01-12',NULL),(20,'月饼',1,2,b'1',NULL,'2018-01-12',NULL),(21,'蛋黄派',1,2,b'1',NULL,'2018-01-12',NULL),(22,'进口饼干',1,2,b'1',NULL,'2018-01-12',NULL),(23,'水果',1,3,b'1',NULL,'2018-01-12',NULL),(24,'海鲜',1,3,b'1',NULL,'2018-01-12',NULL),(25,'肉禽',1,3,b'1',NULL,'2018-01-12',NULL),(26,'蔬菜',1,3,b'1',NULL,'2018-01-12',NULL),(27,'蛋/蛋制品',1,3,b'1',NULL,'2018-01-12',NULL),(28,'熟食',1,3,b'1',NULL,'2018-01-12',NULL),(29,'海鲜鱼类',1,3,b'1',NULL,'2018-01-12',NULL),(30,'进口水果',1,3,b'1',NULL,'2018-01-12',NULL),(31,'主食',1,4,b'1',NULL,'2018-01-12',NULL),(32,'粗粮',1,4,b'1',NULL,'2018-01-12',NULL),(33,'方便面',1,4,b'1',NULL,'2018-01-12',NULL),(34,'调味品',1,4,b'1',NULL,'2018-01-12',NULL),(35,'干货',1,4,b'1',NULL,'2018-01-12',NULL),(36,'腊味',1,4,b'1',NULL,'2018-01-12',NULL),(37,'食用油',1,4,b'1',NULL,'2018-01-12',NULL),(38,'烘焙食品',1,4,b'1',NULL,'2018-01-12',NULL),(39,'红茶',1,5,b'1',NULL,'2018-01-12',NULL),(40,'白茶',1,5,b'1',NULL,'2018-01-12',NULL),(41,'绿茶',1,5,b'1',NULL,'2018-01-12',NULL),(42,'乌龙茶',1,5,b'1',NULL,'2018-01-12',NULL),(43,'咖啡',1,5,b'1',NULL,'2018-01-12',NULL),(44,'冲饮',1,5,b'1',NULL,'2018-01-12',NULL),(45,'饮料',1,5,b'1',NULL,'2018-01-12',NULL),(46,'乳制品',1,5,b'1',NULL,'2018-01-12',NULL),(47,'养生滋补',1,6,b'1',NULL,'2018-01-12',NULL),(48,'滋补食材',1,6,b'1',NULL,'2018-01-12',NULL),(49,'药食同源',1,6,b'1',NULL,'2018-01-12',NULL),(50,'蜂类产品',1,6,b'1',NULL,'2018-01-12',NULL),(51,'新资源保健',1,6,b'1',NULL,'2018-01-12',NULL),(52,'参茸贵细',1,6,b'1',NULL,'2018-01-12',NULL),(53,'参类滋补品',1,6,b'1',NULL,'2018-01-12',NULL),(54,'白酒',1,7,b'1',NULL,'2018-01-12',NULL),(55,'啤酒',1,7,b'1',NULL,'2018-01-12',NULL),(56,'葡萄酒',1,7,b'1',NULL,'2018-01-12',NULL),(57,'洋酒',1,7,b'1',NULL,'2018-01-12',NULL),(58,'调制酒',1,7,b'1',NULL,'2018-01-12',NULL),(59,'暖身黄酒',1,7,b'1',NULL,'2018-01-12',NULL);
